Test,Group,Size,Acted,Mean,Prop,SD.Sample
t1,.Control,3012,2500,9.13,0.83000,9.13
t1,Cell1,2966,2600,9.74,0.87700,9.74
t1,Cell2,3022,2500,8.85,0.82700,8.85
t2,.Control,50000,1500,,0.03000,
t2,Cell1,50000,1600,,0.03200,
t2,Cell2,50000,1598,,0.03196,
t2,Cell3,50000,1605,,0.03210,
t2,Cell4,50000,1580,,0.03160,
